Avg. Area Income,Avg. Area House Age,Avg. Area Number of Rooms,Avg. Area Number of Bedrooms,Area Population,Precio_predicho
8324545857431670.0,5682861321615580.0,7009188142792230.0,2.09,2.30868005026864e+16,1.7814540438164202e+21
8924864245482560.0,6.00289980827524e+16,6730821019094910.0,5.09,4017307217364480.0,1.0747018868805786e+22
